{"packages":{"classic":{"css":true,"included":true,"namespace":"Ext","required":true,"requires":["ext","core"],"version":"6.5.0"},"cmd":{"version":"6.5.0.180"},"core":{"css":true,"included":true,"required":true,"requires":["ext","classic"],"version":"6.5.0"},"ext":{"css":true,"included":true,"license":"trial","namespace":"Ext","required":true,"requires":[],"version":"6.5.0.775"},"font-awesome":{"css":true,"included":true,"namespace":"Ext","required":true,"requires":["ext","core","classic","theme-base","theme-neutral","theme-neptune"],"theme":"theme-neptune","version":"4.7.0"},"font-ext":{"css":true,"included":true,"namespace":"Ext","required":true,"requires":["ext","core","classic","theme-base","theme-neutral","theme-neptune"],"theme":"theme-neptune","version":"6.5.0"},"theme-base":{"css":true,"included":true,"namespace":"Ext","required":true,"requires":["ext","core","classic"],"version":"6.5.0"},"theme-neptune":{"css":true,"extend":"theme-neutral","included":true,"namespace":"Ext","required":true,"requires":["ext","core","classic","theme-base","theme-neutral"],"version":"6.5.0"},"theme-neutral":{"css":true,"extend":"theme-base","included":true,"namespace":"Ext","required":true,"requires":["ext","core","classic","theme-base"],"version":"6.5.0"},"theme-triton":{"css":true,"extend":"theme-neptune","included":true,"namespace":"Ext","required":true,"requires":["ext","core","classic","theme-base","theme-neutral","theme-neptune","font-awesome","font-ext"],"version":"6.5.0"}},"js":[{"path":"classic/app.js"}],"css":[{"exclude":["fashion"],"path":"classic/resources/MyApp-all.css"}],"cache":{"enable":true,"deltas":"classic/deltas"},"fashion":{"inliner":{"enable":false}},"name":"MyApp","version":"1.0.0.0","framework":"ext","loader":{"cache":"20170629161758","cacheParam":"_dc"},"id":"ede4cfcb-d2e1-482a-b49c-30d4bebe96f3","toolkit":"classic","theme":"theme-triton","hash":"3c110d8a429416a3c50b063cb3295af298d2b8c6","profile":"classic","resources":{"path":"classic/resources","shared":"resources"}}