{"packages":{"cmd":{"version":"6.5.0.180"},"core":{"css":true,"included":true,"required":true,"requires":["ext","modern"],"version":"6.5.0"},"ext":{"css":true,"included":true,"license":"trial","namespace":"Ext","required":true,"requires":[],"version":"6.5.0.775"},"font-awesome":{"css":true,"included":true,"namespace":"Ext","required":true,"requires":["ext","core","modern","theme-base","font-ext","theme-neptune"],"theme":"theme-neptune","version":"4.7.0"},"font-ext":{"css":true,"included":true,"namespace":"Ext","required":true,"requires":["ext","core","modern","theme-base","font-awesome","theme-neptune"],"theme":"theme-neptune","version":"6.5.0"},"modern":{"css":true,"included":true,"namespace":"Ext","required":true,"requires":["ext","core"],"version":"6.5.0"},"theme-base":{"css":true,"included":true,"namespace":"Ext","required":true,"requires":["ext","core","modern"],"version":"6.5.0"},"theme-neptune":{"css":true,"extend":"theme-base","included":true,"namespace":"Ext","required":true,"requires":["ext","core","modern","theme-base","font-awesome","font-ext"],"version":"6.5.0"},"theme-triton":{"css":true,"extend":"theme-neptune","included":true,"namespace":"Ext","required":true,"requires":["ext","core","modern","theme-base","font-awesome","font-ext","theme-neptune"],"version":"6.5.0"}},"js":[{"path":"modern/app.js"}],"css":[{"exclude":["fashion"],"path":"modern/resources/MyApp-all.css"}],"cache":{"enable":true,"deltas":"modern/deltas"},"fashion":{"inliner":{"enable":false}},"name":"MyApp","version":"1.0.0.0","framework":"ext","loader":{"cache":"20170629162056","cacheParam":"_dc"},"id":"ede4cfcb-d2e1-482a-b49c-30d4bebe96f3","toolkit":"modern","theme":"theme-triton","hash":"3a3a812976d19e20d7329dec68046a3d58462e86","profile":"modern","resources":{"path":"modern/resources","shared":"resources"}}